Subfolder,Image Name,Red on Green Count,Red outside Green Count,Total Red Count
T0001,T001 Red and Green Overlay.tif,510,2658,3168
T0002,T002 Red and Green Overlay.tif,354,2215,2569
T0003,T0003 Red and Green Overlay.tif,488,3512,4000
T0004,T0004 Red and Green Overlay.tif,573,4278,4851
T0005,T0005 Red and Green Overlay.tif,359,5671,6030
T0006,T0006 Red and Green Overlay.tif,736,6096,6832
T0007,T0007 Red and Green Overlay.tif,808,9115,9923
T0008,T0008 Red and Green Overlay.tif,711,12428,13139
T0009,T0009 Red and Green Overlay.tif,1292,14422,15714
T0010,T0010 Red and Green Overlay.tif,1720,16355,18075
T0011,T0011 Red and Green Overlay.tif,2063,21489,23552
T0012,T0012 Red and Green Overlay .tif,2255,21297,23552
T0013,T0013 Red and Green Overlay .tif,2631,24407,27038
T0014,T0014 Red and Green Overlay.tif,3616,27028,30644
T0015,T0015 Red and Green Overlay.tif,4317,32666,36983
T0016,T0016 Red and Green Overlay.tif,4544,33982,38526
T0017,T0017 Red and Green Overlay.tif,4303,34985,39288
T0018,T0018 Red and Green Overlay.tif,3543,38540,42083
T0019,T0019 Red and Green Overlay.tif,3804,38277,42081
T0020,T0020 Red and Green Overlay.tif,3674,33970,37644
T0021,T0021 Red and Green Overlay.tif,4774,36497,41271
T0022,T0022 Red and Green Overlay.tif,4147,37482,41629
T0023,T0023 Red and Green Overlay.tif,4053,39416,43469
T0024,T0024 Red and Green Overlay.tif,5082,40679,45761
T0025,T0025 Red and Green Overlay.tif,5903,42086,47989
T0026,T0026 Red and Green Overlay.tif,5310,41151,46461
T0027,T0027 Red and Green Overlay.tif,5263,40518,45781
T0028,T0028 Red and Green Overlay.tif,5359,40422,45781
T0029,T0029 Red and Green Overlay.tif,6022,44642,50664
T0030,T0030 Red and Green Overlay.tif,6017,44909,50926
T0031,T0031 Red and Green Overlay.tif,7375,46397,53772
T0032,T0032 Red and Green Overlay.tif,6876,48246,55122
T0033,T0033 Red and Green Overlay.tif,7390,47084,54474
T0034,T0034 Red and Green Overlay.tif,7505,47084,54589
T0035,T0035 Red and Green Overlay.tif,6931,49348,56279
T0036,T0036 Red and Green Overlay.tif,8085,49158,57243
T0037,T0037 Red and Green Overlay.tif,8883,50087,58970
T0038,T0038 Red and Green Overlay.tif,8459,51690,60149
T0039,T0039 Red and Green Overlay.tif,10418,52842,63260
T0040,T0040 Red and Green Overlay.tif,8383,54682,63065
